{
	"class_name" : "PinholeCameraParameters",
	"extrinsic" : 
	[
		-0.46074326066163601,
		-0.085115076256462557,
		0.88344273812666574,
		0.0,
		-0.88752704303905405,
		0.047971257491083323,
		-0.45825157536998978,
		0.0,
		-0.0033757412870411983,
		-0.99521564610318536,
		-0.097644365542422465,
		0.0,
		-0.5181596962927979,
		-1.6478995094555104,
		12.014299986640323,
		1.0
	],
	"intrinsic" : 
	{
		"height" : 1080,
		"intrinsic_matrix" : 
		[
			935.30743608719376,
			0.0,
			0.0,
			0.0,
			935.30743608719376,
			0.0,
			959.5,
			539.5,
			1.0
		],
		"width" : 1920
	},
	"version_major" : 1,
	"version_minor" : 0
}